Movie_name,Release_Year,IMDB_Rating,Metascore,Reviewer_count,Censor_Board_Rating,Genre_1,Genre_2,Genre_3,Director,Writer_1,Writer_2,Star_1,Star_2,Star_3,Plot_Keywords,Budget,Gross_USA,Cum_Worldwide_Gross,Production_Company,Length_in_minutes,Release_Month
The Shawshank Redemption,1994,9.3,80.0,2260257,PG,Drama, , ,Frank Darabont,"Stephen King(short story ""Rita Hayworth and Shawshank Redemption"")",Frank Darabont(screenplay),Tim Robbins,Morgan Freeman,Bob Gunton,wrongful imprisonment|based on the works of stephen king|prison|escape from prison|voice over narration,25000000.0,28699976.0,28815245.0,Castle Rock Entertainment,142.0,10
The Godfather,1972,9.2,100.0,1559568,PG,Crime,Drama, ,Francis Ford Coppola,Mario Puzo(screenplay by),Francis Ford Coppola(screenplay by),Marlon Brando,Al Pacino,James Caan,mafia|crime family|patriarch|organized crime|rise to power,6000000.0,134966411.0,246120974.0,"Paramount Pictures,Alfran Productions",175.0,3
The Godfather: Part II,1974,9.0,90.0,1089911,PG,Crime,Drama, ,Francis Ford Coppola,Francis Ford Coppola(screenplay by),Mario Puzo(screenplay by),Al Pacino,Robert De Niro,Robert Duvall,revenge|corrupt politician|bloody body of child|mafia|1950s,13000000.0,47834595.0,48035783.0,"Paramount Pictures,The Coppola Company,American Zoetrope",202.0,12
The Dark Knight,2008,9.0,84.0,2225638,PG-13,Action,Crime,Drama,Christopher Nolan,Jonathan Nolan(screenplay),Christopher Nolan(screenplay),Christian Bale,Heath Ledger,Aaron Eckhart,dc comics|joker|psychopath|clown|criminal mastermind,185000000.0,535234033.0,1099094480.0,"Warner Bros.,Legendary Entertainment,Syncopy",152.0,7
Schindler's List,1993,8.9,94.0,1174098,PG,Biography,Drama,History,Steven Spielberg,Thomas Keneally(book),Steven Zaillian(screenplay),Liam Neeson,Ralph Fiennes,Ben Kingsley,accountant|champagne|villa|womanizer|soap,22000000.0,96898818.0,322287794.0,"Universal Pictures,Amblin Entertainment",195.0,2
The Lord of the Rings: The Return of the King,2003,8.9,94.0,1594620,PG,Adventure,Drama,Fantasy,Peter Jackson,J.R.R. Tolkien(novel),Fran Walsh(screenplay),Elijah Wood,Viggo Mortensen,Ian McKellen,orc|epic|battle|journey|hobbit,94000000.0,377845905.0,1141982172.0,"New Line Cinema,WingNut Films,The Saul Zaentz Company",201.0,12
Pulp Fiction,1994,8.9,94.0,1768349,18,Crime,Drama, ,Quentin Tarantino,Quentin Tarantino(stories),Roger Avary(stories),John Travolta,Uma Thurman,Samuel L. Jackson,nonlinear timeline|overdose|drug overdose|bondage|drug use,8000000.0,107928762.0,222831519.0,"Miramax,A Band Apart,Jersey Films",154.0,11
"Il buono, il brutto, il cattivo",1966,8.8,90.0,667396,Not Rated,Western, , ,Sergio Leone,Luciano Vincenzoni(story),Sergio Leone(story),Clint Eastwood,Eli Wallach,Lee Van Cleef,spaghetti western|shootout|famous opening theme|man with no name|outlaw,1200000.0,25100000.0,25252481.0,"Produzioni Europee Associate (PEA),Arturo González Producciones Cinematográficas,Constantin Film",161.0,12
The Lord of the Rings: The Fellowship of the Ring,2001,8.8,92.0,1609963,PG,Action,Adventure,Drama,Peter Jackson,J.R.R. Tolkien(novel),Fran Walsh(screenplay),Elijah Wood,Ian McKellen,Orlando Bloom,ring|quest|hobbit|elf|orc,93000000.0,315544750.0,887840287.0,"New Line Cinema,WingNut Films,The Saul Zaentz Company",178.0,12
Fight Club,1999,8.8,66.0,1795362,16,Drama, , ,David Fincher,Chuck Palahniuk(novel),Jim Uhls(screenplay),Brad Pitt,Edward Norton,Meat Loaf,surprise ending|fighting|anti establishment|multiple personality disorder|insomnia,63000000.0,37030102.0,111571684.0,"Fox 2000 Pictures,Regency Enterprises,Linson Films",139.0,11
Forrest Gump,1994,8.8,82.0,1742089,PG,Drama,Romance, ,Robert Zemeckis,Winston Groom(novel),Eric Roth(screenplay),Tom Hanks,Robin Wright,Gary Sinise,vietnam war|amputee|war hero|based on book|based on novel,55000000.0,330455270.0,683089684.0,Paramount Pictures,142.0,9
Inception,2010,8.8,74.0,1983050,PG-13,Action,Adventure,Sci-Fi,Christopher Nolan,Christopher Nolan, ,Leonardo DiCaprio,Joseph Gordon-Levitt,Ellen Page,dream|subconscious|ambiguous ending|surprise ending|psycho thriller,160000000.0,292576195.0,829899072.0,"Warner Bros.,Legendary Entertainment,Syncopy",148.0,7
Star Wars: Episode V - The Empire Strikes Back,1980,8.7,82.0,1125351,PG,Action,Adventure,Fantasy,Irvin Kershner,Leigh Brackett(screenplay by),Lawrence Kasdan(screenplay by),Mark Hamill,Harrison Ford,Carrie Fisher,famous twist|duel|rescue|part of trilogy|famous score,18000000.0,290271960.0,547977305.0,Lucasfilm,124.0,6
The Lord of the Rings: The Two Towers,2002,8.7,87.0,1440888,PG,Adventure,Drama,Fantasy,Peter Jackson,J.R.R. Tolkien(novel),Fran Walsh(screenplay),Elijah Wood,Ian McKellen,Viggo Mortensen,middle earth|wizard|mission|hobbit|dwarf,94000000.0,342551365.0,951208089.0,"New Line Cinema,WingNut Films,The Saul Zaentz Company",179.0,12
The Matrix,1999,8.7,73.0,1620610,PG,Action,Sci-Fi, ,Lana Wachowski(as The Wachowski Brothers),Lilly Wachowski(as The Wachowski Brothers),Lana Wachowski(as The Wachowski Brothers),Keanu Reeves,Laurence Fishburne,Carrie-Anne Moss,simulated reality|artificial reality|war with machines|computer hacker|post apocalypse,63000000.0,171479930.0,465343787.0,"Warner Bros.,Village Roadshow Pictures,Groucho Film Partnership",136.0,6
Goodfellas,1990,8.7,90.0,983364,16,Biography,Crime,Drama,Martin Scorsese,Nicholas Pileggi(book),Nicholas Pileggi(screenplay),Robert De Niro,Ray Liotta,Joe Pesci,gangster|organized crime|sadistic psychopath|mafia|rise and fall,25000000.0,46836214.0,46879633.0,Warner Bros.,146.0,9
One Flew Over the Cuckoo's Nest,1975,8.7,83.0,885218,Not Rated,Drama, , ,Milos Forman,Lawrence Hauben(screenplay),Bo Goldman(screenplay),Jack Nicholson,Louise Fletcher,Will Sampson,mental institution|mental illness|nurse|escape|tragicomedy,3000000.0,108981275.0,108997629.0,Fantasy Films,133.0,11
Shichinin no samurai,1954,8.6,98.0,305299,Not Rated,Action,Adventure,Drama,Akira Kurosawa,Akira Kurosawa(screenplay),Shinobu Hashimoto(screenplay),Toshirô Mifune,Takashi Shimura,Keiko Tsushima,samurai|16th century|battle|japan|epic,125000000.0,318649.0,322773.0,Toho Company,207.0,4
Se7en,1995,8.6,65.0,1391046,18,Crime,Drama,Mystery,David Fincher,Andrew Kevin Walker, ,Morgan Freeman,Brad Pitt,Kevin Spacey,serial killer|detective|serial murder|seven deadly sins|murder,33000000.0,100125643.0,327333559.0,"Cecchi Gori Pictures,Juno Pix,New Line Cinema",127.0,9
La vita è bella,1997,8.6,59.0,600853,PG-13,Comedy,Drama,Romance,Roberto Benigni,Vincenzo Cerami(story and screenplay by),Roberto Benigni(story and screenplay by),Roberto Benigni,Nicoletta Braschi,Giorgio Cantarini,jewish|world war two|nazi occupation|tank|holocaust,20000000.0,57563264.0,230098753.0,"Melampo Cinematografica,Cecchi Gori Group Tiger Cinematografica",116.0,12
Cidade de Deus,2002,8.6,79.0,682233,16,Crime,Drama, ,Fernando Meirelles,Paulo Lins(novel),Bráulio Mantovani(screenplay),Alexandre Rodrigues,Leandro Firmino,Matheus Nachtergaele,photographer|slum|gang|brazil|favela,3300000.0,7564459.0,30680793.0,"O2 Filmes,VideoFilmes,Globo Filmes",130.0,3
The Silence of the Lambs,1991,8.6,85.0,1224222,18,Crime,Drama,Thriller,Jonathan Demme,Thomas Harris(novel),Ted Tally(screenplay),Jodie Foster,Anthony Hopkins,Lawrence A. Bonney,serial killer|psycho thriller|bad guy wins|stuck in a well|psychopath,19000000.0,130742922.0,272753884.0,"Strong Heart/Demme Production,Orion Pictures",118.0,4
Star Wars,1977,8.6,90.0,1197633,PG,Action,Adventure,Fantasy,George Lucas,George Lucas, ,Mark Hamill,Harrison Ford,Carrie Fisher,rebellion|galactic war|space opera|princess|droid,11000000.0,460998507.0,775512064.0,"Lucasfilm,Twentieth Century Fox",121.0,5
Saving Private Ryan,1998,8.6,91.0,1194894,PG,Drama,War, ,Steven Spielberg,Robert Rodat, ,Tom Hanks,Matt Damon,Tom Sizemore,rescue mission|year 1944|d day|1940s|world war two,70000000.0,217049603.0,482349603.0,"DreamWorks,Paramount Pictures,Amblin Entertainment",169.0,10
Sen to Chihiro no kamikakushi,2001,8.6,96.0,619120,PG,Animation,Adventure,Family,Hayao Miyazaki,Hayao Miyazaki, ,Daveigh Chase,Suzanne Pleshette,Miyu Irino,spirit|bathhouse|anime|spirit world|studio ghibli,19000000.0,13750644.0,350657645.0,"Tokuma Shoten,Studio Ghibli,Nippon Television Network (NTV)",125.0,6
Gisaengchung,2019,8.6,96.0,444531,16,Comedy,Drama,Thriller,Bong Joon Ho,Bong Joon Ho(story),Bong Joon Ho(screenplay),Kang-ho Song,Sun-kyun Lee,Yeo-jeong Jo,social satire|class differences|house|fraud|scam,11400000.0,53369749.0,257310157.0,"Barunson E&A,CJ E&M Film Financing & Investment Entertainment & Comics,CJ Entertainment",132.0,8
The Green Mile,1999,8.6,61.0,1102551,R,Crime,Drama,Fantasy,Frank Darabont,Stephen King(novel),Frank Darabont(screenplay),Tom Hanks,Michael Clarke Duncan,David Morse,death row inmate|evil|evil man|good versus evil|1930s,60000000.0,136801374.0,286801374.0,"Castle Rock Entertainment,Darkwoods Productions,Warner Bros.",189.0,2
Interstellar,2014,8.6,74.0,1431949,PG-13,Adventure,Drama,Sci-Fi,Christopher Nolan,Jonathan Nolan,Christopher Nolan,Matthew McConaughey,Anne Hathaway,Jessica Chastain,astronaut|saving the world|relativity|gravity|nasa,165000000.0,188020017.0,677527767.0,"Paramount Pictures,Warner Bros.,Legendary Entertainment",169.0,11
Léon,1994,8.5,64.0,1000171,PG,Action,Crime,Drama,Luc Besson,Luc Besson, ,Jean Reno,Gary Oldman,Natalie Portman,hitman|girl|teenage girl|neo noir|older man young girl relationship,115000000.0,19501238.0,19552639.0,"Gaumont,Les Films du Dauphin,Columbia Pictures",110.0,9
The Usual Suspects,1995,8.5,77.0,962259,R,Crime,Mystery,Thriller,Bryan Singer,Christopher McQuarrie, ,Kevin Spacey,Gabriel Byrne,Chazz Palminteri,criminal mastermind|surprise ending|criminal|suspect|flashback,6000000.0,23341568.0,23341568.0,"PolyGram Filmed Entertainment,Spelling Films International,Blue Parrot",106.0,8
The Lion King,1994,8.5,88.0,910695,G,Animation,Adventure,Drama,Roger Allers,Irene Mecchi(screenplay by),Jonathan Roberts(screenplay by),Matthew Broderick,Jeremy Irons,James Earl Jones,africa|king|lion|prince|disney,45000000.0,422783777.0,968511805.0,"Walt Disney Pictures,Walt Disney Animation Studios",88.0,6
Back to the Future,1985,8.5,87.0,1016220,Not Rated,Adventure,Comedy,Sci-Fi,Robert Zemeckis,Robert Zemeckis,Bob Gale,Michael J. Fox,Christopher Lloyd,Lea Thompson,time travel|delorean|time machine|future|time travel comedy,19000000.0,211159762.0,391354942.0,"Universal Pictures,Amblin Entertainment,U-Drive Productions",116.0,12
The Pianist,2002,8.5,85.0,702002,R,Biography,Drama,Music,Roman Polanski,Ronald Harwood(screenplay),Wladyslaw Szpilman(book),Adrien Brody,Thomas Kretschmann,Frank Finlay,pianist|holocaust|survival|poland|nazi occupied poland,35000000.0,32572577.0,120072577.0,"R.P. Productions,Heritage Films,Studio Babelsberg",150.0,10
Terminator 2: Judgment Day,1991,8.5,75.0,968950,PG,Action,Sci-Fi, ,James Cameron,James Cameron,William Wisher,Arnold Schwarzenegger,Linda Hamilton,Edward Furlong,time travel|liquid metal|future|sequel|voice over narration,102000000.0,205881154.0,520884847.0,"Carolco Pictures,Pacific Western,Lightstorm Entertainment",137.0,7
American History X,1998,8.5,62.0,1007870,18,Drama, , ,Tony Kaye,David McKenna, ,Edward Norton,Edward Furlong,Beverly D'Angelo,neo nazi|prison|hatred|racism|jail,20000000.0,6719864.0,23875127.0,"New Line Cinema,Savoy Pictures,The Turman-Morrissey Company",119.0,3
Modern Times,1936,8.5,96.0,209175,Not Rated,Comedy,Drama,Family,Charles Chaplin(as Charlie Chaplin),Charles Chaplin(as Charlie Chaplin), ,Charles Chaplin,Paulette Goddard,Henry Bergman,jail|actor director writer|music score composed by director|factory|satire,1500000.0,163577.0,457688.0,Charles Chaplin Productions,87.0,2
Gladiator,2000,8.5,67.0,1298507,PG,Action,Adventure,Drama,Ridley Scott,David Franzoni(story),David Franzoni(screenplay),Russell Crowe,Joaquin Phoenix,Connie Nielsen,gladiator|roman empire|slavery|combat|battlefield,103000000.0,187705427.0,460583960.0,"DreamWorks,Universal Pictures,Scott Free Productions",155.0,5
City Lights,1931,8.5,99.0,160927,G,Comedy,Drama,Romance,Charles Chaplin,Charles Chaplin, ,Charles Chaplin,Virginia Cherrill,Florence Lee,the little tramp character|slapstick comedy|blind girl|millionaire|flower girl,1500000.0,19181.0,46008.0,Charles Chaplin Productions,87.0,3
The Departed,2006,8.5,85.0,1151389,16,Crime,Drama,Thriller,Martin Scorsese,William Monahan(screenplay),Alan Mak,Leonardo DiCaprio,Matt Damon,Jack Nicholson,police|mobster|irish mafia|organized crime|violence,90000000.0,132384315.0,291465034.0,"Warner Bros.,Plan B Entertainment,Initial Entertainment Group (IEG)",151.0,11
The Intouchables,2011,8.5,57.0,731500,R,Biography,Comedy,Drama,Olivier Nakache,Olivier Nakache,Philippe Pozzo di Borgo(adapted from his autobiographical tale Le Second Souffle),François Cluzet,Omar Sy,Anne Le Ny,class differences|caregiver|black white friendship|disabled person|rich poor,9500000.0,10198820.0,426588510.0,"Quad Productions,Ten Films,Canal+",112.0,3
Whiplash,2014,8.5,88.0,683730,R,Drama,Music, ,Damien Chazelle,Damien Chazelle, ,Miles Teller,J.K. Simmons,Melissa Benoist,drummer|music school|new york city|conservatory|drum solo,3300000.0,13092000.0,48982041.0,"Bold Films,Blumhouse Productions,Right of Way Films",106.0,10
The Prestige,2006,8.5,66.0,1145220,PG-13,Drama,Mystery,Sci-Fi,Christopher Nolan,Jonathan Nolan(screenplay),Christopher Nolan(screenplay),Christian Bale,Hugh Jackman,Scarlett Johansson,rivalry|illusion|obsession|magician|secret,40000000.0,53089891.0,109676311.0,"Touchstone Pictures,Warner Bros.,Newmarket Productions",130.0,1
Hotaru no haka,1988,8.5,94.0,222190,Not Rated,Animation,Drama,War,Isao Takahata,Akiyuki Nosaka(novel),Isao Takahata,Tsutomu Tatsumi,Ayano Shiraishi,Akemi Yamaguchi,orphan|food|survival|older brother younger sister|homelessness,3700000.0,516962.0,516962.0,"Shinchosha Company,Studio Ghibli",89.0,4
Nuovo Cinema Paradiso,1988,8.5,80.0,220514,R,Drama, , ,Giuseppe Tornatore,Giuseppe Tornatore(story),Giuseppe Tornatore(screenplay),Philippe Noiret,Enzo Cannavale,Antonella Attili,cinema|flashback|film projectionist|coming of age|movie theatre,5000000.0,12397210.0,12645096.0,"Cristaldifilm,Les Films Ariane,Rai 3",155.0,11
Rear Window,1954,8.4,100.0,428936,PG,Mystery,Thriller, ,Alfred Hitchcock,John Michael Hayes(screenplay),Cornell Woolrich(based on the short story by),James Stewart,Grace Kelly,Wendell Corey,neighbor|wheelchair|voyeur|apartment|amateur detective,1000000.0,36764313.0,37032034.0,Alfred J. Hitchcock Productions,112.0,9
Alien,1979,8.4,89.0,763191,16,Horror,Sci-Fi, ,Ridley Scott,Dan O'Bannon(screenplay by),Dan O'Bannon(story by),Sigourney Weaver,Tom Skerritt,John Hurt,alien|spaceship|outer space|creature|female protagonist,11000000.0,81765459.0,108283202.0,Brandywine Productions,117.0,11
Apocalypse Now,1979,8.4,94.0,586318,PG,Drama,Mystery,War,Francis Ford Coppola(as Francis Coppola),John Milius,Francis Ford Coppola(as Francis Coppola),Martin Sheen,Marlon Brando,Robert Duvall,vietnam|jungle|vietnam war|secret mission|anti war,31500000.0,83471511.0,91968688.0,"American Zoetrope,Zoetrope Studios",147.0,8
Memento,2000,8.4,80.0,1090813,R,Mystery,Thriller, ,Christopher Nolan,Christopher Nolan(screenplay),"Jonathan Nolan(short story ""Memento Mori"")",Guy Pearce,Carrie-Anne Moss,Joe Pantoliano,memory|hidden truth|short term memory loss|telephone|insulin overdose,9000000.0,25544867.0,39723096.0,"Newmarket Capital Group,Team Todd,I Remember Productions",113.0,8
Raiders of the Lost Ark,1981,8.4,85.0,859944,PG,Action,Adventure, ,Steven Spielberg,Lawrence Kasdan(screenplay by),George Lucas(story by),Harrison Ford,Karen Allen,Paul Freeman,nazi|ark of the covenant|indiana jones|archeologist|famous opening scene,18000000.0,248159971.0,390133212.0,"Paramount Pictures,Lucasfilm",115.0,12
Joker,2019,8.5,59.0,824603,16,Crime,Drama,Thriller,Todd Phillips,Todd Phillips,Scott Silver,Joaquin Phoenix,Robert De Niro,Zazie Beetz,mental illness|evil clown|based on comic|nihilism|stand up comedian,55000000.0,335451311.0,1074251311.0,"Warner Bros.,Village Roadshow Pictures,BRON Studios",122.0,10
The Lives of Others,2006,8.4,89.0,346982,R,Drama,Mystery,Thriller,Florian Henckel von Donnersmarck,Florian Henckel von Donnersmarck, ,Ulrich Mühe,Martina Gedeck,Sebastian Koch,stasi|spy|political thriller|propaganda|police,2000000.0,11286112.0,77356942.0,"Wiedemann & Berg Filmproduktion,Bayerischer Rundfunk (BR),ARTE",137.0,2
Django Unchained,2012,8.4,81.0,1307807,R,Drama,Western, ,Quentin Tarantino,Quentin Tarantino, ,Jamie Foxx,Christoph Waltz,Leonardo DiCaprio,racial vengeance|racial violence|historically inaccurate|sadism|slavery,100000000.0,162805434.0,425368238.0,"The Weinstein Company,Columbia Pictures",165.0,1
The Shining,1980,8.4,66.0,860919,Not Rated,Drama,Horror, ,Stanley Kubrick,Stephen King(based upon the novel by),Stanley Kubrick(screenplay by),Jack Nicholson,Shelley Duvall,Danny Lloyd,haunted hotel|labyrinth|identical twins|hotel|snow,19000000.0,45332952.0,46314437.0,"Warner Bros.,Hawk Films,Peregrine",146.0,6
WALL·E,2008,8.4,95.0,968414,Not Rated,Animation,Adventure,Family,Andrew Stanton,Andrew Stanton(original story by),Pete Docter(original story by),Ben Burtt,Elissa Knight,Jeff Garlin,robot|obesity|recycling robot|adrift in space|cgi animation,180000000.0,223808164.0,521311860.0,"FortyFour Studios,Pixar Animation Studios,Walt Disney Pictures",98.0,7
Avengers: Infinity War,2018,8.4,68.0,785805,PG-13,Action,Adventure,Sci-Fi,Anthony Russo,Christopher Markus(screenplay by),Stephen McFeely(screenplay by),Robert Downey Jr.,Chris Hemsworth,Mark Ruffalo,death of recurring character|superhero|supervillain|ensemble cast|marvel cinematic universe,321000000.0,678815482.0,2048359754.0,"Marvel Studios,Jason Roberts Productions,South Pictures",149.0,4
Spider-Man: Into the Spider-Verse,2018,8.4,87.0,327238,PG,Animation,Action,Adventure,Bob Persichetti,Phil Lord(screenplay by),Rodney Rothman(screenplay by),Shameik Moore,Jake Johnson,Hailee Steinfeld,teenage superhero|interdimensional travel|multiverse|marvel comics|wisecrack humor,90000000.0,190241310.0,375540831.0,"Sony Pictures Entertainment (SPE),Columbia Pictures,Marvel Entertainment",117.0,12
Dr. Strangelove or: How I Learned to Stop Worrying and Love the Bomb,1964,8.4,97.0,438245,PG,Comedy, , ,Stanley Kubrick,Stanley Kubrick(screenplay),Terry Southern(screenplay),Peter Sellers,George C. Scott,Sterling Hayden,war room|u.s. president|bodily fluids|nuclear holocaust|nuclear weapons,1800000.0,9440272.0,9443876.0,"Columbia Pictures,Hawk Films",95.0,1
Oldeuboi,2003,8.4,77.0,496967,R,Action,Drama,Mystery,Chan-wook Park,Garon Tsuchiya(story),Nobuaki Minegishi(comic),Min-sik Choi,Ji-Tae Yoo,Hye-jeong Kang,imprisonment|psychological torture|revenge|brother sister relationship|captive,3000000.0,707481.0,14999673.0,"Egg Films,CJ Entertainment,CJ E&M Film Financing & Investment Entertainment & Comics",120.0,10
The Dark Knight Rises,2012,8.4,78.0,1471035,PG-13,Action,Adventure, ,Christopher Nolan,Jonathan Nolan(screenplay),Christopher Nolan(screenplay),Christian Bale,Tom Hardy,Anne Hathaway,dc comics|batman character|terrorist plot|bruce wayne character|sequel,250000000.0,448139099.0,1081041287.0,"Warner Bros.,Legendary Entertainment,DC Entertainment",164.0,7
Avengers: Endgame,2019,8.4,78.0,737545,PG-13,Action,Adventure,Drama,Anthony Russo,Christopher Markus(screenplay by),Stephen McFeely(screenplay by),Robert Downey Jr.,Chris Evans,Mark Ruffalo,time travel|superhero|cosmic|marvel cinematic universe|super villain,356000000.0,858373000.0,2797800564.0,"Marvel Studios,Walt Disney Pictures",181.0,4
Aliens,1986,8.3,84.0,635421,R,Action,Adventure,Sci-Fi,James Cameron,James Cameron(story by),David Giler(story by),Sigourney Weaver,Michael Biehn,Carrie Henn,alien|rescue mission|soldier|monster|death of daughter,18500000.0,85160248.0,131339732.0,"Twentieth Century Fox,Brandywine Productions,Pinewood Studios",137.0,10
Kimi no na wa.,2016,8.4,79.0,173557,PG,Animation,Drama,Fantasy,Makoto Shinkai,Makoto Shinkai(based on his novel),Makoto Shinkai(screenplay),Ryûnosuke Kamiki,Mone Kamishiraishi,Ryô Narita,japanese high school girl|upskirt|touching one's breasts|hiked skirt|short skirt,370000000.0,5017246.0,358922706.0,"Amuse,CoMix Wave Films,East Japan Marketing & Communications Inc.",106.0,8
Coco,2017,8.4,81.0,345743,PG,Animation,Adventure,Family,Lee Unkrich,Lee Unkrich(original story by),Jason Katz(original story by),Anthony Gonzalez,Gael García Bernal,Benjamin Bratt,mexico|death|afterlife|male protagonist|day of the dead,175000000.0,209726015.0,807082196.0,"Walt Disney Pictures,Pixar Animation Studios",105.0,11
American Beauty,1999,8.3,84.0,1043504,PG,Drama, , ,Sam Mendes,Alan Ball, ,Kevin Spacey,Annette Bening,Thora Birch,adulterous wife|cheating wife|midlife crisis|unfaithful wife|virginity,15000000.0,130096601.0,356296601.0,"DreamWorks,Jinks/Cohen Company",122.0,1
Braveheart,1995,8.3,68.0,937078,R,Biography,Drama,History,Mel Gibson,Randall Wallace, ,Mel Gibson,Sophie Marceau,Patrick McGoohan,scotland|revolt|based on true story|england|legend,72000000.0,75609945.0,213216216.0,"Icon Entertainment International,The Ladd Company,B.H. Finance C.V.",178.0,5
Das Boot,1981,8.3,86.0,224560,R,Adventure,Drama,Thriller,Wolfgang Petersen,Wolfgang Petersen(screenplay),Lothar G. Buchheim(novel),Jürgen Prochnow,Herbert Grönemeyer,Klaus Wennemann,submarine movie|war at sea|claustrophobic setting|sonar|submarine captain,32000000.0,11487676.0,11487676.0,"Bavaria Film,Twin Bros. Productions,Radiant Film GmbH",149.0,9
Toy Story,1995,8.3,95.0,858698,Not Rated,Animation,Adventure,Comedy,John Lasseter,John Lasseter(original story by),Pete Docter(original story by),Tom Hanks,Tim Allen,Don Rickles,toy|rivalry|cowboy|cgi animation|claw crane,30000000.0,222498679.0,404265438.0,"Pixar Animation Studios,Walt Disney Pictures,Walt Disney Animation Studios",81.0,3
Amadeus,1984,8.3,88.0,358652,R,Biography,Drama,History,Milos Forman,Peter Shaffer(original stage play),Peter Shaffer(original screenplay),F. Murray Abraham,Tom Hulce,Elizabeth Berridge,opera|composer|classical composer|1800s|female stockinged leg,18000000.0,51973029.0,52066791.0,"AMLF,The Saul Zaentz Company",160.0,9
Star Wars: Episode VI - Return of the Jedi,1983,8.3,58.0,922658,PG,Action,Adventure,Fantasy,Richard Marquand,Lawrence Kasdan(screenplay by),George Lucas(screenplay by),Mark Hamill,Harrison Ford,Carrie Fisher,death star|brother sister relationship|father son relationship|boba fett character|emperor palpatine character,32500000.0,309306177.0,475347111.0,Lucasfilm,131.0,5
Reservoir Dogs,1992,8.3,79.0,890418,18,Crime,Drama,Thriller,Quentin Tarantino,Quentin Tarantino,Quentin Tarantino(background radio dialogue written by),Harvey Keitel,Tim Roth,Michael Madsen,heist gone wrong|nonlinear timeline|robbery|graphic violence|falling out among thieves,1200000.0,2832029.0,2889963.0,"Live Entertainment,Dog Eat Dog Productions Inc.",99.0,9
Inglourious Basterds,2009,8.3,69.0,1220108,R,Adventure,Drama,War,Quentin Tarantino,Quentin Tarantino, ,Brad Pitt,Diane Kruger,Eli Roth,revenge|nazi hunter|world war two|nazi|jewish resistance,70000000.0,120540719.0,321455689.0,"Universal Pictures,The Weinstein Company,A Band Apart",153.0,9
Good Will Hunting,1997,8.3,70.0,830667,PG,Drama,Romance, ,Gus Van Sant,Matt Damon,Ben Affleck,Robin Williams,Matt Damon,Ben Affleck,professor|genius|mathematical genius|friend|loss of wife,10000000.0,138433435.0,225933435.0,"Be Gentlemen Limited Partnership,Lawrence Bender Productions,Miramax",126.0,1
2001: A Space Odyssey,1968,8.3,84.0,583062,PG,Adventure,Sci-Fi, ,Stanley Kubrick,Stanley Kubrick(screenplay),Arthur C. Clarke(screenplay),Keir Dullea,Gary Lockwood,William Sylvester,monolith|star child|human versus computer|number in title|computer,12000000.0,60541301.0,68783766.0,"Metro-Goldwyn-Mayer (MGM),Stanley Kubrick Productions",149.0,5
Capharnaüm,2018,8.4,75.0,50495,R,Drama, , ,Nadine Labaki,Nadine Labaki(screenplay),Jihad Hojeily(screenplay),Zain Al Rafeea,Yordanos Shiferaw,Boluwatife Treasure Bankole,boy|12 year old|courtroom|prison|child marriage,4000000.0,1661096.0,64413178.0,"Mooz Films,Cedrus Invest Bank,Sunnyland Film",126.0,9
1917,2019,8.3,78.0,341503,R,Drama,War, ,Sam Mendes,Sam Mendes,Krysty Wilson-Cairns,Dean-Charles Chapman,George MacKay,Daniel Mays,world war one|year 1917|no man's land|death|rat,95000000.0,159227644.0,374717445.0,"DreamWorks,Reliance Entertainment,New Republic Pictures",119.0,1
Vertigo,1958,8.3,100.0,348800,PG,Mystery,Romance,Thriller,Alfred Hitchcock,Alec Coppel(screenplay by),Samuel A. Taylor(screenplay by) (as Samuel Taylor),James Stewart,Kim Novak,Barbara Bel Geddes,romantic obsession|vertigo|1950s|acrophobia|san francisco bay,2479000.0,7705225.0,7796389.0,Alfred J. Hitchcock Productions,128.0,5
Requiem for a Dream,2000,8.3,68.0,743575,R,Drama, , ,Darren Aronofsky,Hubert Selby Jr.(based on the book by),Hubert Selby Jr.(screenplay),Ellen Burstyn,Jared Leto,Jennifer Connelly,drug addiction|sex show|heroin|sex scene|addiction,4500000.0,3635482.0,7390108.0,"Artisan Entertainment,Thousand Words,Sibling Productions",102.0,5
Eternal Sunshine of the Spotless Mind,2004,8.3,89.0,882961,R,Drama,Romance,Sci-Fi,Michel Gondry,Charlie Kaufman(story),Michel Gondry(story),Jim Carrey,Kate Winslet,Tom Wilkinson,memory|loneliness|retrograde narrative|flashback|valentine's day,20000000.0,34400301.0,74036715.0,"Focus Features,Anonymous Content,This Is That Productions",108.0,7
Jagten,2012,8.3,77.0,266690,R,Drama, , ,Thomas Vinterberg,Tobias Lindholm(screenplay),Thomas Vinterberg(screenplay),Mads Mikkelsen,Thomas Bo Larsen,Annika Wedderkopp,kindergarten teacher|hunt|gunshot|punched in the face|false accusation of child abuse,3800000.0,613308.0,15812352.0,"Danmarks Radio (DR),Det Danske Filminstitut,Eurimages",115.0,12
Full Metal Jacket,1987,8.3,76.0,653223,16,Drama,War, ,Stanley Kubrick,Stanley Kubrick(screenplay by),Michael Herr(screenplay by),Matthew Modine,R. Lee Ermey,Vincent D'Onofrio,military|vietnam war|drill instructor|u.s. marine|u.s. marine corps,30000000.0,46357676.0,46357676.0,"Natant,Stanley Kubrick Productions,Warner Bros.",116.0,7
A Clockwork Orange,1971,8.3,80.0,735459,X,Crime,Drama,Sci-Fi,Stanley Kubrick,Stanley Kubrick(screenplay),Anthony Burgess(novel),Malcolm McDowell,Patrick Magee,Michael Bates,gang|dystopia|future|beating|controversy,2200000.0,26589355.0,26903440.0,"Warner Bros.,Polaris Productions,Hawk Films",136.0,1
Snatch,2000,8.3,55.0,761986,R,Comedy,Crime, ,Guy Ritchie,Guy Ritchie, ,Jason Statham,Brad Pitt,Benicio Del Toro,diamond|boxer|narrated by character|fight|cockney accent,6000000.0,30328156.0,83557872.0,"Columbia Pictures,SKA Films",104.0,12
Singin' in the Rain,1952,8.3,99.0,211462,G,Comedy,Musical,Romance,Stanley Donen,Betty Comden(story by),Adolph Green(story by),Gene Kelly,Donald O'Connor,Debbie Reynolds,movie studio|hollywood california|reference to moses|1920s|film history,2540800.0,1826108.0,1864182.0,Metro-Goldwyn-Mayer (MGM),103.0,4
Scarface,1983,8.3,65.0,715523,18,Crime,Drama, ,Brian De Palma,Oliver Stone(screenplay by), ,Al Pacino,Michelle Pfeiffer,Steven Bauer,cocaine|cuban refugee|gangster|power|organized crime,25000000.0,45408703.0,66023329.0,Universal Pictures,170.0,12
Taxi Driver,1976,8.3,94.0,697108,18,Crime,Drama, ,Martin Scorsese,Paul Schrader, ,Robert De Niro,Jodie Foster,Cybill Shepherd,taxi driver|child prostitution|loner|street life|assassination attempt,1300000.0,28262574.0,28441292.0,"Columbia Pictures,Columbia Pictures,Bill/Phillips",114.0,2
Amélie,2001,8.3,69.0,686973,R,Comedy,Romance, ,Jean-Pierre Jeunet,Guillaume Laurant(scenario),Jean-Pierre Jeunet(scenario),Audrey Tautou,Mathieu Kassovitz,Rufus,female protagonist|paris france|france|montmartre paris|voice over narration,10000000.0,33225499.0,173924742.0,"Claudie Ossard Productions,Union Générale Cinématographique (UGC),Victoires Productions",122.0,12
Lawrence of Arabia,1962,8.3,100.0,259483,Not Rated,Adventure,Biography,Drama,David Lean,T.E. Lawrence(writings),Robert Bolt(screenplay),Peter O'Toole,Alec Guinness,Anthony Quinn,desert|arab|bedouin|ottoman empire|british military,15000000.0,45306425.0,45710874.0,Horizon Pictures (II),228.0,12
Toy Story 3,2010,8.3,92.0,735304,Not Rated,Animation,Adventure,Comedy,Lee Unkrich,John Lasseter(story by),Andrew Stanton(story by),Tom Hanks,Tim Allen,Joan Cusack,toy|college|escape|day care|evil teddy bear,200000000.0,415004880.0,1066969703.0,"Walt Disney Pictures,Pixar Animation Studios",103.0,6
The Sting,1973,8.3,83.0,234693,Not Rated,Comedy,Crime,Drama,George Roy Hill,David S. Ward, ,Paul Newman,Robert Redford,Robert Shaw,con|con man|scantily clad woman|illegal activity|playing golf,5500000.0,156000000.0,156000000.0,"Zanuck/Brown Productions,Universal Pictures",129.0,12
Metropolis,1927,8.3,98.0,154889,Not Rated,Drama,Sci-Fi, ,Fritz Lang,Thea von Harbou(screenplay),Thea von Harbou(novel),Brigitte Helm,Alfred Abel,Gustav Fröhlich,class differences|robot|revolution|dystopia|social injustice,6000000.0,1236166.0,1349711.0,Universum Film (UFA),153.0,2
Incendies,2010,8.3,80.0,140318,R,Drama,Mystery,War,Denis Villeneuve,Denis Villeneuve(scenario),Wajdi Mouawad(play),Lubna Azabal,Mélissa Désormeaux-Poulin,Maxim Gaudette,twin brother and sister|family relationships|middle east|university|torture,6800000.0,2071334.0,7099598.0,"micro_scope,TS Productions,Phi Group",131.0,3
To Kill a Mockingbird,1962,8.2,88.0,287225,Not Rated,Crime,Drama, ,Robert Mulligan,"Harper Lee(based on her novel ""To Kill a Mockingbird"")",Horton Foote(screenplay),Gregory Peck,John Megna,Frank Overton,trial|lawyer|false accusation|based on novel|small town,2000000.0,592237.0,599146.0,"Pakula-Mulligan,Brentwood Productions",129.0,3
Indiana Jones and the Last Crusade,1989,8.2,65.0,672525,PG,Action,Adventure, ,Steven Spielberg,Jeffrey Boam(screenplay),George Lucas(story),Harrison Ford,Sean Connery,Alison Doody,holy grail|father son relationship|origin of hero|year 1912|united states of america,48000000.0,197171806.0,474310887.0,"Paramount Pictures,Lucasfilm",127.0,5
Up,2009,8.2,88.0,905494,PG,Animation,Adventure,Comedy,Pete Docter,Pete Docter(story by),Bob Peterson(story by),Edward Asner,Jordan Nagai,John Ratzenberger,child in jeopardy|heartfelt|original story|balloon|south america,175000000.0,293004164.0,735099082.0,"Pixar Animation Studios,Walt Disney Pictures",96.0,7
L.A. Confidential,1997,8.2,90.0,518609,R,Crime,Drama,Mystery,Curtis Hanson,James Ellroy(novel),Brian Helgeland(screenplay),Kevin Spacey,Russell Crowe,Guy Pearce,corruption|murder|call girl|neo noir|arizona,35000000.0,64616940.0,126216940.0,"Regency Enterprises,The Wolper Organization,Warner Bros.",138.0,9
Heat,1995,8.2,76.0,558048,R,Crime,Drama,Thriller,Michael Mann,Michael Mann, ,Al Pacino,Robert De Niro,Val Kilmer,gun battle|organized crime|honor|criminal investigation|taken in for questioning,60000000.0,67436818.0,187436818.0,"Warner Bros.,Regency Enterprises,Forward Pass",170.0,12
Die Hard,1988,8.2,72.0,763619,Not Rated,Action,Thriller, ,John McTiernan,Roderick Thorp(novel),Jeb Stuart(screenplay),Bruce Willis,Alan Rickman,Bonnie Bedelia,hostage|one against many|los angeles california|christmas|christmas eve,28000000.0,83519093.0,141482154.0,"Twentieth Century Fox,Gordon Company,Silver Pictures",132.0,7
Batman Begins,2005,8.2,70.0,1269619,PG-13,Action,Adventure, ,Christopher Nolan,Bob Kane(characters),David S. Goyer(story),Christian Bale,Michael Caine,Ken Watanabe,social decay|dc comics|superhero|well|deception,150000000.0,206852432.0,379680185.0,"Warner Bros.,Syncopy,DC Comics",140.0,6
Green Book,2018,8.2,69.0,332988,PG-13,Biography,Comedy,Drama,Peter Farrelly,Nick Vallelonga,Brian Hayes Currie(as Brian Currie),Viggo Mortensen,Mahershala Ali,Linda Cardellini,1960s|musician|on the road|hotel|jail,23000000.0,85080171.0,321752656.0,"Participant,DreamWorks,Innisfree Pictures",130.0,1
Der Untergang,2004,8.2,82.0,322793,R,Biography,Drama,History,Oliver Hirschbiegel,Bernd Eichinger(screenplay),Joachim Fest(book),Bruno Ganz,Alexandra Maria Lara,Ulrich Matthes,hitler|bunker|third reich|adolf hitler|nazi,13500000.0,5509040.0,92181574.0,"Constantin Film,Norddeutscher Rundfunk (NDR),Westdeutscher Rundfunk (WDR)",156.0,5
Unforgiven,1992,8.2,85.0,364349,PG,Drama,Western, ,Clint Eastwood,David Webb Peoples, ,Clint Eastwood,Gene Hackman,Morgan Freeman,revisionist western|one last job|sadist|revenge|gun control,14400000.0,101157447.0,159157447.0,"Warner Bros.,Malpaso Productions",130.0,8
Ran,1985,8.2,96.0,107562,Not Rated,Action,Drama,War,Akira Kurosawa,Akira Kurosawa(screenplay),Hideo Oguni(screenplay),Tatsuya Nakadai,Akira Terao,Jinpachi Nezu,nihilism|wench|whore|power|castle,11500000.0,4135750.0,4160924.0,"Greenwich Film Productions,Herald Ace,Nippon Herald Films",162.0,6
Hauru no ugoku shiro,2004,8.2,80.0,314376,PG,Animation,Adventure,Family,Hayao Miyazaki,Hayao Miyazaki(screenplay),Diana Wynne Jones(novel) (as Daiana Win Jônzu),Chieko Baishô,Takuya Kimura,Tatsuya Gashûin,anime|studio ghibli|steampunk|three word title|castle,24000000.0,5576743.0,236212992.0,"Buena Vista Home Entertainment,DENTSU Music And Entertainment,Mitsubishi",119.0,6
A Beautiful Mind,2001,8.2,72.0,822066,PG-13,Biography,Drama, ,Ron Howard,Akiva Goldsman,Sylvia Nasar(book),Russell Crowe,Ed Harris,Jennifer Connelly,mental illness|mathematician|schizophrenia|game theory|nobel prize,58000000.0,170742341.0,316791257.0,"Universal Pictures,DreamWorks,Imagine Entertainment",135.0,2
All About Eve,1950,8.2,98.0,116759,Not Rated,Drama, , ,Joseph L. Mankiewicz,Joseph L. Mankiewicz(written for the screen by), ,Bette Davis,Anne Baxter,George Sanders,man slaps woman|theater|starlet|meta film|based on short story,1400000.0,63463.0,150438.0,Twentieth Century Fox,138.0,10
Casino,1995,8.2,73.0,448418,18,Crime,Drama, ,Martin Scorsese,Nicholas Pileggi(book),Nicholas Pileggi(screenplay),Robert De Niro,Sharon Stone,Joe Pesci,crime epic|casino|gambling|gangster|exploding car,52000000.0,42512375.0,116112375.0,"Universal Pictures,Syalis DA,Légende Entreprises",178.0,11
Pan's Labyrinth,2006,8.2,98.0,603515,R,Drama,Fantasy,War,Guillermo del Toro,Guillermo del Toro, ,Ivana Baquero,Ariadna Gil,Sergi López,fairy|hiding|maze|spain|labyrinth,19000000.0,37634615.0,83850267.0,"Estudios Picasso,Wild Bunch,Tequila Gang",118.0,3
The Wolf of Wall Street,2013,8.2,75.0,1129279,R,Biography,Crime,Drama,Martin Scorsese,Terence Winter(screenplay),Jordan Belfort(book),Leonardo DiCaprio,Jonah Hill,Margot Robbie,based on true story|stockbroker|sex in an airplane|female frontal nudity|female rear nudity,100000000.0,116900694.0,392000694.0,"Red Granite Pictures,Appian Way,Sikelia Productions",180.0,1
El secreto de sus ojos,2009,8.2,80.0,186281,R,Drama,Mystery,Romance,Juan José Campanella,Eduardo Sacheri(screenplay),Juan José Campanella(screenplay),Ricardo Darín,Soledad Villamil,Pablo Rago,soccer game|concealed|clandestine|undercover|full frontal female nudity,2000000.0,6391436.0,42629597.0,"Tornasol Films,Haddock Films,100 Bares",129.0,2
Tonari no Totoro,1988,8.2,86.0,274137,Not Rated,Animation,Family,Fantasy,Hayao Miyazaki,Hayao Miyazaki, ,Hitoshi Takagi,Noriko Hidaka,Chika Sakamoto,sister sister relationship|studio ghibli|sick mother|little girl|father daughter relationship,3700000.0,2250213.0,30476847.0,"Tokuma Japan Communications,Studio Ghibli,Nibariki",86.0,4
Raging Bull,1980,8.2,89.0,311399,16,Biography,Drama,Sport,Martin Scorsese,Jake LaMotta(based on the book by) (as Jake La Motta),Joseph Carter(with),Robert De Niro,Cathy Moriarty,Joe Pesci,jealousy|rage|domestic violence|violence|boxing,18000000.0,23383987.0,23402117.0,Chartoff-Winkler Productions,129.0,12
There Will Be Blood,2007,8.2,93.0,498609,R,Drama, , ,Paul Thomas Anderson,Paul Thomas Anderson(written for the screen by),Upton Sinclair(novel),Daniel Day-Lewis,Paul Dano,Ciarán Hinds,oil|misanthrope|loss of hearing|false prophet|alcoholic,25000000.0,40222514.0,76181545.0,"Paramount Vantage,Miramax,Ghoulardi Film Company",158.0,2
The Treasure of the Sierra Madre,1948,8.2,98.0,110562,Not Rated,Adventure,Drama,Western,John Huston,John Huston(screenplay),B. Traven(based on the novel by),Humphrey Bogart,Walter Huston,Tim Holt,mexico|sierra madre mountains|national film registry|afi|1920s,3000000.0,215295.0,215295.0,Warner Bros.,126.0,1
"Three Billboards Outside Ebbing, Missouri",2017,8.2,88.0,404821,R,Comedy,Crime,Drama,Martin McDonagh,Martin McDonagh, ,Frances McDormand,Woody Harrelson,Sam Rockwell,billboard|police brutality|black comedy|ambiguous ending|thrown through a window,15000000.0,54513740.0,160192031.0,"Blueprint Pictures,Film 4,Fox Searchlight Pictures",115.0,1
Dial M for Murder,1954,8.2,75.0,151791,Not Rated,Crime,Thriller, ,Alfred Hitchcock,Frederick Knott(screen play by),Frederick Knott(as adapted from his play),Ray Milland,Grace Kelly,Robert Cummings,blackmail|murder|tennis player|love letter|key,1400000.0,12562.0,18816.0,Warner Bros.,105.0,5
Chinatown,1974,8.2,92.0,284376,Not Rated,Drama,Mystery,Thriller,Roman Polanski,Robert Towne, ,Jack Nicholson,Faye Dunaway,John Huston,neo noir|police|private detective|femme fatale|corruption,6000000.0,29200000.0,29225935.0,"Paramount Pictures,Penthouse Video,Long Road Productions",130.0,6
V for Vendetta,2005,8.2,62.0,1003412,PG,Action,Drama,Sci-Fi,James McTeigue,Lilly Wachowski(screenplay) (as The Wachowski Brothers),Lana Wachowski(screenplay) (as The Wachowski Brothers),Hugo Weaving,Natalie Portman,Rupert Graves,fascist|revolution|right wing government|freedom|dystopia,54000000.0,70511035.0,132511035.0,"Warner Bros.,Virtual Studios,Silver Pictures",132.0,3
No Country for Old Men,2007,8.1,91.0,823686,16,Crime,Drama,Thriller,Ethan Coen,Joel Coen(screenplay),Ethan Coen(screenplay),Tommy Lee Jones,Javier Bardem,Josh Brolin,sheriff|texas|contemporary western|cold blooded murder|desert,25000000.0,74283625.0,171627166.0,"Paramount Vantage,Miramax,Scott Rudin Productions",122.0,1
Shutter Island,2010,8.1,63.0,1086965,R,Mystery,Thriller, ,Martin Scorsese,Laeta Kalogridis(screenplay),Dennis Lehane(novel),Leonardo DiCaprio,Emily Mortimer,Mark Ruffalo,surprise ending|mental asylum|self delusion|psyche|neo noir,80000000.0,128012934.0,294804195.0,"Paramount Pictures,Phoenix Pictures,Sikelia Productions",138.0,2
Inside Out,2015,8.1,94.0,587359,PG,Animation,Adventure,Comedy,Pete Docter,Pete Docter(original story by),Ronnie Del Carmen(original story by),Amy Poehler,Bill Hader,Lewis Black,joy|sadness|memory|anger|running away,175000000.0,356461711.0,857611174.0,"Pixar Animation Studios,Walt Disney Pictures",95.0,6
Warrior,2011,8.2,71.0,424992,PG-13,Action,Drama,Sport,Gavin O'Connor,Gavin O'Connor(screenplay),Anthony Tambakis(screenplay),Tom Hardy,Nick Nolte,Joel Edgerton,father son relationship|jarhead|war machine|military industrial complex|tournament,25000000.0,13657115.0,23308615.0,"Lionsgate,Mimran Schur Pictures,Solaris",140.0,10
The Elephant Man,1980,8.1,78.0,212842,PG,Biography,Drama, ,David Lynch,Christopher De Vore(screenplay),Eric Bergren(screenplay),Anthony Hopkins,John Hurt,Anne Bancroft,physical deformity|human exploitation|exploitation|dignity|sideshow,5000000.0,26010864.0,26020641.0,Brooksfilms,124.0,10
Trainspotting,1996,8.1,83.0,620309,18,Drama, , ,Danny Boyle,Irvine Welsh(based on the novel by),John Hodge(screenplay),Ewan McGregor,Ewen Bremner,Jonny Lee Miller,drugs|drug culture|filthy toilet|scotland|heroin addict,3500000.0,16491080.0,16593356.0,"Channel Four Films,Figment Films,The Noel Gay Motion Picture Company",93.0,2
The Sixth Sense,1999,8.1,64.0,889302,PG-13,Drama,Mystery,Thriller,M. Night Shyamalan,M. Night Shyamalan, ,Bruce Willis,Haley Joel Osment,Toni Collette,surprise ending|single mother|able to see the dead|plot twist|ghost,40000000.0,293506292.0,672806292.0,"Hollywood Pictures,Spyglass Entertainment,The Kennedy/Marshall Company",107.0,10
The Thing,1982,8.1,57.0,357013,Not Rated,Horror,Mystery,Sci-Fi,John Carpenter,Bill Lancaster(screenplay),John W. Campbell Jr.(story),Kurt Russell,Wilford Brimley,Keith David,antarctica|isolation|body horror|paranoia|alien creature,15000000.0,19629760.0,19629760.0,"Universal Pictures,Turman-Foster Company",109.0,6
Jurassic Park,1993,8.1,68.0,837366,PG,Action,Adventure,Sci-Fi,Steven Spielberg,Michael Crichton(novel),Michael Crichton(screenplay),Sam Neill,Laura Dern,Jeff Goldblum,national film registry|dinosaur|tyrannosaurus rex|theme park|chaos theory,63000000.0,402828120.0,1032020521.0,"Universal Pictures,Amblin Entertainment",127.0,7
Gone with the Wind,1939,8.1,97.0,281586,Not Rated,Drama,History,Romance,Victor Fleming,"Margaret Mitchell(story of the old south ""Gone with the Wind"")",Sidney Howard(screenplay),Clark Gable,Vivien Leigh,Thomas Mitchell,black stereotype|narcissism|narcissistic personality disorder|american civil war|strong female character,3977000.0,200852579.0,402352579.0,"Selznick International Pictures,Metro-Goldwyn-Mayer (MGM)",238.0,1
Blade Runner,1982,8.1,84.0,673470,PG,Action,Sci-Fi,Thriller,Ridley Scott,Hampton Fancher(screenplay),David Webb Peoples(screenplay) (as David Peoples),Harrison Ford,Rutger Hauer,Sean Young,tech noir|human android relationship|cyberpunk|police detective|female android,28000000.0,32868943.0,41475030.0,"The Ladd Company,Shaw Brothers,Warner Bros.",117.0,6
Room,2015,8.1,86.0,353021,R,Drama,Thriller, ,Lenny Abrahamson,Emma Donoghue(screenplay by),Emma Donoghue(based on the novel by),Brie Larson,Jacob Tremblay,Sean Bridgers,escape|kidnapping|mother son relationship|imprisonment|unlawful confinement,13000000.0,14677654.0,35401758.0,"Element Pictures,Film 4,FilmNation Entertainment",118.0,1
Finding Nemo,2003,8.1,90.0,922513,Not Rated,Animation,Adventure,Comedy,Andrew Stanton,Andrew Stanton(original story by),Andrew Stanton(screenplay by),Albert Brooks,Ellen DeGeneres,Alexander Gould,pufferfish|shark|great barrier reef|short term memory loss|protective father,94000000.0,380843261.0,962859504.0,"Pixar Animation Studios,Walt Disney Pictures",100.0,7
The Bridge on the River Kwai,1957,8.1,87.0,197366,PG,Adventure,Drama,War,David Lean,Pierre Boulle(novel),Carl Foreman(screenplay),William Holden,Alec Guinness,Jack Hawkins,bridge|jungle|uniform|british soldier|japanese soldier,3000000.0,27200000.0,27200000.0,Horizon Pictures (II),161.0,10
The Truman Show,1998,8.1,90.0,901862,PG,Comedy,Drama,Sci-Fi,Peter Weir,Andrew Niccol, ,Jim Carrey,Ed Harris,Laura Linney,hidden camera|simulated reality|fictional reality show|controlled environment|deception,60000000.0,125618201.0,264118201.0,"Paramount Pictures,Scott Rudin Productions",103.0,10
Kill Bill: Vol. 1,2003,8.1,69.0,970876,16,Action,Crime,Thriller,Quentin Tarantino,Quentin Tarantino,Quentin Tarantino(character The Bride) (as Q),Uma Thurman,David Carradine,Daryl Hannah,revenge|bride|sword|female protagonist|martial arts,30000000.0,70099045.0,180899045.0,"Miramax,A Band Apart,Super Cool ManChu",111.0,10
Fargo,1996,8.1,85.0,596903,R,Crime,Drama,Thriller,Joel Coen,Ethan Coen,Joel Coen,William H. Macy,Frances McDormand,Steve Buscemi,black comedy|botched crime|neo noir|americana|tall tale,7000000.0,24611975.0,60611975.0,"PolyGram Filmed Entertainment,Working Title Films",98.0,4
Gran Torino,2008,8.1,72.0,703392,R,Drama, , ,Clint Eastwood,Nick Schenk(screenplay),Dave Johannson(story),Clint Eastwood,Bee Vang,Christopher Carley,gang|widower|teenager|street gang|gang rape,33000000.0,148095302.0,269958228.0,"Matten Productions,Double Nickel Entertainment,Gerber Pictures",116.0,2
Salinui chueok,2003,8.1,82.0,125501,Not Rated,Action,Crime,Drama,Bong Joon Ho,Bong Joon Ho,Kwang-rim Kim(play),Kang-ho Song,Sang-kyung Kim,Roe-ha Kim,serial killer|based on true story|false evidence|1980s|anti hero,2800000.0,15357.0,1311603.0,"CJ Entertainment,Muhan Investment,Sidus",131.0,5
The Deer Hunter,1978,8.1,86.0,302212,Not Rated,Drama,War, ,Michael Cimino,Michael Cimino(story),Deric Washburn(story),Robert De Niro,Christopher Walken,John Cazale,american imperialism|vietnam war veteran|psychic|disorder|mental health,15000000.0,48979328.0,49074243.0,"EMI Films,Universal Pictures",183.0,2
Relatos salvajes,2014,8.1,77.0,168266,R,Comedy,Drama,Thriller,Damián Szifron,Germán Servidio(collaborating writer),Damián Szifron,Darío Grandinetti,María Marull,Mónica Villa,suicide by airplane crash|anthology film|revenge|wedding party|music critic,3300000.0,3106530.0,30642704.0,"British Film Institute (BFI),Canal+,Corner Producciones",122.0,3
In the Name of the Father,1993,8.1,84.0,151443,R,Biography,Drama, ,Jim Sheridan,"Gerry Conlon(autobiographical book ""Proved Innocent"")",Terry George(screenplay),Daniel Day-Lewis,Pete Postlethwaite,Alison Crosbie,prison|father son relationship|based on true story|anti irish bias|psychological manipulation,13000000.0,25096862.0,65796862.0,"Hell's Kitchen Films,Universal Pictures",133.0,12
The Big Lebowski,1998,8.1,71.0,706584,R,Comedy,Crime,Sport,Joel Coen,Ethan Coen,Joel Coen,Jeff Bridges,John Goodman,Julianne Moore,rug|nihilism|pornographer|bowling alley|death,15000000.0,18034458.0,46735469.0,"Polygram Filmed Entertainment,Working Title Films",117.0,3
Gone Girl,2014,8.1,79.0,825992,R,Drama,Mystery,Thriller,David Fincher,Gillian Flynn(screenplay),Gillian Flynn(novel),Ben Affleck,Rosamund Pike,Neil Patrick Harris,disappearance|missing person|murder suspect|husband wife relationship|based on novel,61000000.0,167767189.0,369330363.0,"Twentieth Century Fox,Regency Enterprises,TSG Entertainment",149.0,10
Hacksaw Ridge,2016,8.1,71.0,413308,R,Biography,Drama,History,Mel Gibson,Robert Schenkkan(screenplay by),Andrew Knight(screenplay by),Andrew Garfield,Sam Worthington,Luke Bracey,world war two|conscientious objector|soldier|medic|1940s,40000000.0,67209615.0,180450918.0,"Summit Entertainment,Cross Creek Pictures,Demarest Films",139.0,11
The Grand Budapest Hotel,2014,8.1,88.0,682315,R,Adventure,Comedy,Crime,Wes Anderson,Stefan Zweig(inspired by the writings of),Wes Anderson(screenplay),Ralph Fiennes,F. Murray Abraham,Mathieu Amalric,hotel|lobby boy|prison escape|first person narration|painting,25000000.0,59301324.0,172936941.0,"Fox Searchlight Pictures,Indian Paintbrush,Studio Babelsberg",99.0,3
Before Sunrise,1995,8.1,77.0,259644,R,Drama,Romance, ,Richard Linklater,Richard Linklater,Kim Krizan,Ethan Hawke,Julie Delpy,Andrea Eckert,conversations|train|french|tourist|one night,2500000.0,5535405.0,5986708.0,"Castle Rock Entertainment,Detour Filmproduction,Filmhaus Wien Universa Filmproduktions",101.0,1
Catch Me If You Can,2002,8.1,75.0,791585,PG-13,Biography,Crime,Drama,Steven Spielberg,Jeff Nathanson(screenplay),Frank Abagnale Jr.(book) (as Frank W. Abagnale),Leonardo DiCaprio,Tom Hanks,Christopher Walken,race against time|mother son relationship|con|scam|impostor,52000000.0,164615351.0,352114312.0,"DreamWorks,Kemp Company,Splendid Pictures",141.0,2
Ford v Ferrari,2019,8.1,81.0,233697,PG-13,Action,Biography,Drama,James Mangold,Jez Butterworth,John-Henry Butterworth,Matt Damon,Christian Bale,Jon Bernthal,based on true story|car racing|motor sports|racecar|racecar driver,97600000.0,117624357.0,225508210.0,"Chernin Entertainment,TSG Entertainment,Turnpike Films",152.0,11
How to Train Your Dragon,2010,8.1,75.0,647567,PG,Animation,Action,Adventure,Dean DeBlois,William Davies(screenplay by) (as Will Davies),Dean DeBlois(screenplay by),Jay Baruchel,Gerard Butler,Christopher Mintz-Plasse,dragon|viking|village|island|training,165000000.0,217581231.0,494878759.0,"DreamWorks Animation,Mad Hatter Entertainment,Vertigo Entertainment",98.0,3
Prisoners,2013,8.1,70.0,575462,R,Crime,Drama,Mystery,Denis Villeneuve,Aaron Guzikowski, ,Hugh Jackman,Jake Gyllenhaal,Viola Davis,child abduction|police|child kidnapping|vigilante justice|revenge,46000000.0,61002302.0,122126687.0,"Alcon Entertainment,8",153.0,9
Mr. Smith Goes to Washington,1939,8.1,73.0,103789,Not Rated,Comedy,Drama, ,Frank Capra,Sidney Buchman(screen play),Lewis R. Foster(story),James Stewart,Jean Arthur,Claude Rains,u.s. senator|national film registry|afi|children|butler,1900000.0,144738.0,144738.0,Columbia Pictures,129.0,10
12 Years a Slave,2013,8.1,96.0,620042,R,Biography,Drama,History,Steve McQueen,John Ridley(screenplay by),"Solomon Northup(based on ""Twelve Years a Slave"" by)",Chiwetel Ejiofor,Michael Kenneth Williams,Michael Fassbender,torture|kidnapping|racism|whipping|slavery,20000000.0,56671993.0,187733202.0,"Regency Enterprises,River Road Entertainment,Plan B Entertainment",134.0,1
Mad Max: Fury Road,2015,8.1,90.0,848608,R,Action,Adventure,Sci-Fi,George Miller,George Miller,Brendan McCarthy,Tom Hardy,Charlize Theron,Nicholas Hoult,post apocalypse|desert|chase|car chase|escape,150000000.0,154058340.0,375209362.0,"Warner Bros.,Village Roadshow Pictures,Kennedy Miller Productions",120.0,5
Network,1976,8.1,83.0,140771,R,Drama, , ,Sidney Lumet,Paddy Chayefsky, ,Faye Dunaway,William Holden,Peter Finch,media|television|television network|satire|ranting,3800000.0,23689877.0,23690757.0,Metro-Goldwyn-Mayer (MGM),121.0,11
Stand by Me,1986,8.1,75.0,352810,Not Rated,Adventure,Drama, ,Rob Reiner,Stephen King(novel),Raynold Gideon(screenplay),Wil Wheaton,River Phoenix,Corey Feldman,friendship|childhood|walking on train tracks|summertime|treehouse,8000000.0,52287414.0,52287414.0,"Columbia Pictures,Act III,Act III Communications",89.0,11
Million Dollar Baby,2004,8.1,86.0,619310,PG-13,Drama,Sport, ,Clint Eastwood,Paul Haggis(screenplay),F.X. Toole(stories),Hilary Swank,Clint Eastwood,Morgan Freeman,boxing|determination|women boxing|death|euthanasia,30000000.0,100492203.0,216763646.0,"Warner Bros.,Lakeshore Entertainment,Malpaso Productions",132.0,2
Into the Wild,2007,8.1,73.0,556807,R,Adventure,Biography,Drama,Sean Penn,Sean Penn(screenplay),Jon Krakauer(book),Emile Hirsch,Vince Vaughn,Catherine Keener,wilderness|alaska|journey|following a dream|self discovery,15000000.0,18354356.0,56674477.0,"Paramount Vantage,Art Linson Productions,Into the Wild",148.0,10
Ben-Hur,1959,8.1,90.0,213552,Not Rated,Adventure,Drama,History,William Wyler,Lew Wallace(novel) (as General Lew Wallace),Karl Tunberg(screenplay),Charlton Heston,Jack Hawkins,Stephen Boyd,whip|person on fire|baldness|talking to a horse|leper colony,15000000.0,74422622.0,74427638.0,Metro-Goldwyn-Mayer (MGM),212.0,1
Life of Brian,1979,8.1,77.0,356795,Not Rated,Comedy, , ,Terry Jones,Graham Chapman,John Cleese,Graham Chapman,John Cleese,Michael Palin,satire|british comedy|monty python|reference to jesus christ|spoof,4000000.0,20206622.0,20738770.0,"HandMade Films,Python (Monty) Pictures",94.0,11
Platoon,1986,8.1,92.0,371107,PG,Drama,War, ,Oliver Stone,Oliver Stone, ,Charlie Sheen,Tom Berenger,Willem Dafoe,vietnam war|gore|combat fatigue|gunfire|automatic weapon,6000000.0,138530565.0,138545632.0,"Hemdale,Cinema '84,Cinema 86",120.0,2
Dead Poets Society,1989,8.1,79.0,407189,Not Rated,Comedy,Drama, ,Peter Weir,Tom Schulman, ,Robin Williams,Robert Sean Leonard,Ethan Hawke,english teacher|professor|education|suicide|poet,16400000.0,95860116.0,235860116.0,"Touchstone Pictures,Silver Screen Partners IV,A Steven Haft Production",128.0,10
Harry Potter and the Deathly Hallows: Part 2,2011,8.1,85.0,738076,PG-13,Adventure,Drama,Fantasy,David Yates,Steve Kloves(screenplay),J.K. Rowling(novel),Daniel Radcliffe,Emma Watson,Rupert Grint,ginny weasley character|lucius malfoy character|hermione granger character|battle|final battle,125000000.0,381409310.0,1370025670.0,"Warner Bros.,Heyday Films,Moving Picture Company (MPC)",130.0,7
Rush,2013,8.1,74.0,419679,R,Biography,Drama,Sport,Ron Howard,Peter Morgan, ,Daniel Brühl,Chris Hemsworth,Olivia Wilde,formula 1|rivalry|1970s|racecar driver|playboy,38000000.0,26947624.0,96983009.0,"Exclusive Media Group,Cross Creek Pictures,Imagine Entertainment",123.0,9
Logan,2017,8.1,77.0,621598,R,Action,Drama,Sci-Fi,James Mangold,James Mangold(story by),Scott Frank(screenplay by),Hugh Jackman,Patrick Stewart,Dafne Keen,marvel comics|x men|superhero|mutant|north dakota,97000000.0,226277068.0,619021436.0,"Twentieth Century Fox,Marvel Entertainment,TSG Entertainment",137.0,3
Hotel Rwanda,2004,8.1,79.0,327619,PG-13,Biography,Drama,History,Terry George,Keir Pearson,Terry George,Don Cheadle,Sophie Okonedo,Joaquin Phoenix,rwanda|ethnic warfare|mass murder|hate monger|hotel,17500000.0,23530892.0,33882243.0,"United Artists,Lions Gate Films,Industrial Development Corporation of South Africa",121.0,3
Amores perros,2000,8.1,83.0,217993,R,Drama,Thriller, ,Alejandro G. Iñárritu(as Alejandro González Iñárritu),Guillermo Arriaga(as Guillermo Arriaga Jordán), ,Emilio Echevarría,Gael García Bernal,Goya Toledo,multiple storyline|dog|mexico city|multiple perspectives|nonlinear timeline,2000000.0,5408467.0,20908467.0,"Altavista Films,Zeta Film",154.0,2
Spotlight,2015,8.1,93.0,402239,R,Biography,Crime,Drama,Tom McCarthy,Josh Singer,Tom McCarthy,Mark Ruffalo,Michael Keaton,Rachel McAdams,child molestation|investigation|sexual abuse|catholic church|cover up,20000000.0,45055776.0,98690254.0,"Participant,First Look Media,Anonymous Content",129.0,1
Kaze no tani no Naushika,1984,8.1,86.0,142986,PG,Animation,Adventure,Fantasy,Hayao Miyazaki,Hayao Miyazaki(based on the manga by),Hayao Miyazaki(screenplay by),Sumi Shimamoto,Mahito Tsujimura,Hisako Kyôda,post apocalypse|princess|giant insect|dying planet|pollution,1000000.0,495770.0,2340981.0,"Nibariki,Tokuma Shoten,Hakuhodo",117.0,3
"Monsters, Inc.",2001,8.0,79.0,790144,G,Animation,Adventure,Comedy,Pete Docter,Pete Docter(original story by),Jill Culton(original story by),Billy Crystal,John Goodman,Mary Gibbs,original story|monster world|human nonhuman relationship|monster|interspecies friendship,115000000.0,289916256.0,632316649.0,"Pixar Animation Studios,Walt Disney Pictures",92.0,2
Before Sunset,2004,8.0,90.0,226359,R,Drama,Romance, ,Richard Linklater,Richard Linklater(screenplay),Julie Delpy(screenplay),Ethan Hawke,Julie Delpy,Vernon Dobtcheff,conversations|brief encounter|enduring relationship|ambiguous ending|sequel,2700000.0,5820649.0,15936507.0,"Warner Independent Pictures (WIP),Castle Rock Entertainment,Detour Filmproduction",80.0,8
"Paris, Texas",1984,8.1,78.0,84965,Not Rated,Drama, , ,Wim Wenders,L.M. Kit Carson(adaptation),Sam Shepard,Harry Dean Stanton,Nastassja Kinski,Dean Stockwell,father son relationship|desert|texas|wandering|mute,1162000.0,2181987.0,2206121.0,"Road Movies Filmproduktion,Argos Films,Westdeutscher Rundfunk (WDR)",145.0,8
The Help,2011,8.1,62.0,416979,PG-13,Drama, , ,Tate Taylor,Tate Taylor(screenplay),Kathryn Stockett(novel),Emma Stone,Viola Davis,Octavia Spencer,chocolate pie|writer|newspaper columnist|aging|first job,25000000.0,169708112.0,216639112.0,"DreamWorks,Reliance Film & Entertainment,Participant",146.0,9
The Princess Bride,1987,8.1,77.0,382343,Not Rated,Adventure,Family,Fantasy,Rob Reiner,William Goldman(screenplay by),William Goldman(based upon his book),Cary Elwes,Mandy Patinkin,Robin Wright,true love|giant|fairy tale|pirate|princess,16000000.0,30857814.0,30877156.0,"Act III Communications,Buttercup Films Ltd.,The Princess Bride Ltd.",98.0,10
The Terminator,1984,8.0,84.0,779421,Not Rated,Action,Sci-Fi, ,James Cameron,James Cameron,Gale Anne Hurd,Arnold Schwarzenegger,Linda Hamilton,Michael Biehn,robotics|time travel|future war|pig|bacon,6400000.0,38371200.0,78559818.0,"Cinema '84,Euro Film Funding,Hemdale",107.0,10
Fanny och Alexander,1982,8.1,100.0,55758,Not Rated,Drama, , ,Ingmar Bergman,Ingmar Bergman, ,Bertil Guve,Pernilla Allwin,Kristina Adolphson,domestic violence|grief|marriage of convenience|abusive stepfather|extramarital affair,6000000.0,6783304.0,6795771.0,"Cinematograph AB,Svenska Filminstitutet (SFI),Gaumont",188.0,12
Aladdin,1992,8.0,86.0,361270,Not Rated,Animation,Adventure,Comedy,Ron Clements,Ron Clements(screenplay by),John Musker(screenplay by),Scott Weinger,Robin Williams,Linda Larkin,arab|genie|genie character|princess|cave,28000000.0,217350219.0,504050219.0,"Walt Disney Pictures,Silver Screen Partners IV,Walt Disney Animation Studios",90.0,12
